{
    "Time": 109297,
  "V1": 0.7451171875,
  "V2": 2.80859375,
  "V3": -5.82421875,
  "V4": 5.8359375,
  "V5": 0.51220703125,
  "V6": -0.61572265625,
  "V7": -2.916015625,
  "V8": 0.77685546875,
  "V9": -1.87890625,
  "V10": -4.546875,
  "V11": 4.69921875,
  "V12": -8.5078125,
  "V13": 0.71826171875,
  "V14": -7.62890625,
  "V15": -2.25,
  "V16": -2.55859375,
  "V17": -5.3046875,
  "V18": -0.95703125,
  "V19": -0.58544921875,
  "V20": 0.40283203125,
  "V21": 0.284912109375,
  "V22": -0.87451171875,
  "V23": -0.083984375,
  "V24": -0.6513671875,
  "V25": 0.45458984375,
  "V26": 0.050384521484375,
  "V27": 0.7568359375,
  "V28": 0.3837890625,
  "Amount": 0
}